match;time;action;position;score;rating_before;rating_change;rating_after;base_weight;time_mult;score_mult;pos_mult;momentum_mult;context_mult
1022024_Bjerringbro-Silkeborg_vs_SønderjyskE_Herrer.db;3.15;Skud reddet;HF;0-1;1399,9;0,8232000000000426;1400,7232000000001;70;0,8;1,5;1,0;1,0;1,225
1022024_Bjerringbro-Silkeborg_vs_SønderjyskE_Herrer.db;10.02;Mål;HF;4-4;1400,7232000000001;1,060799999999972;1401,784;65;0,8;1,7;1,0;1,0;1,5000000000000002
1022024_Bjerringbro-Silkeborg_vs_SønderjyskE_Herrer.db;11.51;Advarsel;HF;6-4;1401,784;-0,16848000000004504;1401,61552;-15;0,8;1,5;1,0;1,0032263411078717;1,1700000000000002
1022024_Bjerringbro-Silkeborg_vs_SønderjyskE_Herrer.db;37.38;Mål;HB;17-15;1401,61552;0,9781456825801342;1402,5936656825802;65;1,0;1,5;1,0;1,0041323370779827;1,2500000000000002
1022024_Bjerringbro-Silkeborg_vs_SønderjyskE_Herrer.db;39.09;Skud reddet;HB;17-16;1402,5936656825802;1,03325217485326;1403,6269178574335;70;1,0;1,5;1,0;1,0047593848641032;1,225
1022024_Bjerringbro-Silkeborg_vs_SønderjyskE_Herrer.db;39.48;Skud blokeret;HB;17-17;1403,6269178574335;-0,14101998918454228;1403,485897868249;-8;1,0;1,7;1,0;1,0031922678095608;1,2900000000000003
1042024_Bjerringbro-Silkeborg_vs_Ribe-Esbjerg_HH.db;3.29;Mål;PL;2-1;1403,485897868249;1,0015871601810886;1404,48748502843;65;0,8;1,5;1,0;1,0036081387338327;1,6000000000000003
1042024_Bjerringbro-Silkeborg_vs_Ribe-Esbjerg_HH.db;9.49;Skud forbi;HF;5-7;1404,48748502843;-0,1799268671122718;1404,3075581613177;-15;0,8;1,5;1,0;1,002889677000873;1,2450000000000003
1042024_Bjerringbro-Silkeborg_vs_Ribe-Esbjerg_HH.db;13.36;Mål;HF;7-11;1404,3075581613177;0,5381907162657171;1404,8457488775834;65;0,8;1,2;1,0;1,0026317994588516;1,075
1042024_Bjerringbro-Silkeborg_vs_Ribe-Esbjerg_HH.db;23.16;Skud reddet;HF;12-15;1404,8457488775834;0,7243012119290597;1405,5700500895125;70;1,0;1,2;1,0;1,0026850414123192;1,075
1042024_Bjerringbro-Silkeborg_vs_Ribe-Esbjerg_HH.db;24.37;Mål;ST;13-15;1405,5700500895125;0,8994084821467823;1406,4694585716593;65;1,0;1,5;1,0;1,003903469229816;1,1500000000000001
1042024_Bjerringbro-Silkeborg_vs_Ribe-Esbjerg_HH.db;28.32;Mål;HF;15-19;1406,4694585716593;1,0743373366310607;1407,5437959082903;65;1,4;1,2;1,0;1,0043795396154003;1,2250000000000003
1042024_Bjerringbro-Silkeborg_vs_Ribe-Esbjerg_HH.db;35.41;Fejlaflevering;HF;20-22;1407,5437959082903;-0,4772811572252067;1407,0665147510651;-30;1,0;1,5;1,0;1,0030528085776607;1,32
1042024_Bjerringbro-Silkeborg_vs_Ribe-Esbjerg_HH.db;38.15;Skud reddet;HF;21-24;1407,0665147510651;0,7246053489166115;1407,7911200999818;70;1,0;1,2;1,0;1,0034135978142187;1,075
1042024_Bjerringbro-Silkeborg_vs_Ribe-Esbjerg_HH.db;42.46;Mål;HF;25-25;1407,7911200999818;1,3748773117249584;1409,1659974117067;65;1,0;1,7;1,0;1,0046769790203107;1,5500000000000003
1042024_Bjerringbro-Silkeborg_vs_Ribe-Esbjerg_HH.db;53.44;Mål;PL;30-31;1409,1659974117067;1,5962910648861453;1410,7622884765929;65;1,4;1,5;1,0;1,0059930544761182;1,4550000000000003
11112023_Aalborg_Håndbold_vs_Bjerringbro-Silkeborg.db;16.09;Mål;ST;11-7;1410,7622884765929;0,8003680741412609;1411,5626565507341;65;1,0;1,2;1,0;1,0056395787021162;1,2750000000000001
11112023_Aalborg_Håndbold_vs_Bjerringbro-Silkeborg.db;17.53;Mål;HB;12-8;1411,5626565507341;0,8000868488154538;1412,3627433995496;65;1,0;1,2;1,0;1,006498885296625;1,2750000000000001
11112023_Aalborg_Håndbold_vs_Bjerringbro-Silkeborg.db;18.37;Mål;HF;12-9;1412,3627433995496;0,8007705131419698;1413,1635139126915;65;1,0;1,2;1,0;1,006331727959151;1,2750000000000001
11112023_Aalborg_Håndbold_vs_Bjerringbro-Silkeborg.db;24.02;Mål;PL;16-13;1413,1635139126915;0,8006375227641911;1413,9641514354557;65;1,0;1,2;1,0;1,0057031741215607;1,2750000000000001
11112023_Aalborg_Håndbold_vs_Bjerringbro-Silkeborg.db;24.50;Regelfejl;HF;17-13;1413,9641514354557;-0,23258293886010506;1413,7315684965956;-22;1,0;1,2;1,0;1,0032620965690942;1,095
11112023_Aalborg_Håndbold_vs_Bjerringbro-Silkeborg.db;28.22;Skud reddet;HB;20-15;1413,7315684965956;1,1090460520313172;1414,840614548627;70;1,4;1,2;1,0;1,00404332914469;1,1750000000000003
11112023_Aalborg_Håndbold_vs_Bjerringbro-Silkeborg.db;37.12;Mål;ST;24-19;1414,840614548627;0,8301430245369374;1415,6707575731639;65;1,0;1,2;1,0;1,0042375636004195;1,3250000000000004
11112023_Aalborg_Håndbold_vs_Bjerringbro-Silkeborg.db;44.18;Mål;PL;26-22;1415,6707575731639;0,830303617584832;1416,5010611907487;65;1,0;1,2;1,0;1,0044024223131072;1,3250000000000002
11112023_Aalborg_Håndbold_vs_Bjerringbro-Silkeborg.db;47.34;Fejlaflevering;HF;27-22;1416,5010611907487;-0,4738208163116724;1416,027240374437;-30;1,4;1,2;1,0;1,0023448656981582;1,1700000000000002
11112023_Aalborg_Håndbold_vs_Bjerringbro-Silkeborg.db;53.17;Skud reddet;HB;30-24;1416,027240374437;0,8663868081148394;1416,8936271825519;70;1,4;0,9;1,0;1,003627136752941;1,2250000000000003
11112023_Aalborg_Håndbold_vs_Bjerringbro-Silkeborg.db;54.24;Mål;HF;31-25;1416,8936271825519;1,0028041625007518;1417,8964313450526;65;1,4;0,9;1,0;1,0039437519333525;1,5250000000000004
11112023_Aalborg_Håndbold_vs_Bjerringbro-Silkeborg.db;54.58;Mål;HF;31-26;1417,8964313450526;1,337494024075795;1419,2339253691284;65;1,4;1,2;1,0;1,0049854654935426;1,5250000000000004
11112023_Aalborg_Håndbold_vs_Bjerringbro-Silkeborg.db;55.54;Fejlaflevering;HF;32-26;1419,2339253691284;-0,42395110864754315;1418,8099742604809;-30;1,4;0,9;1,0;1,0029023126629641;1,3950000000000002
11112023_Aalborg_Håndbold_vs_Bjerringbro-Silkeborg.db;57.43;Skud reddet;PL;33-26;1418,8099742604809;1,1827828714622228;1419,992757131943;70;1,8;0,9;1,0;1,004814563150077;1,3000000000000003
13102023_Bjerringbro-Silkeborg_vs_TMS_Ringsted.db;14.25;Tilkendt straffe;HF;7-3;1419,992757131943;0,20739372583420845;1420,2001508577773;25;0,8;1,2;1,0;1,00379404303216;1,075
13102023_Bjerringbro-Silkeborg_vs_TMS_Ringsted.db;15.31;Advarsel;HF;8-3;1420,2001508577773;-0,1510509275954064;1420,049099930182;-15;1,0;1,2;1,0;1,0022205221085643;1,045
13102023_Bjerringbro-Silkeborg_vs_TMS_Ringsted.db;18.39;Mål;HF;10-4;1420,049099930182;0,6214769457594684;1420,6705768759414;65;1,0;0,9;1,0;1,001934671023755;1,3250000000000004
13102023_Bjerringbro-Silkeborg_vs_TMS_Ringsted.db;20.10;Skud forbi;HF;10-5;1420,6705768759414;-0,15077112929566283;1420,5198057466457;-15;1,0;1,2;1,0;1,001707394915891;1,045
13102023_Bjerringbro-Silkeborg_vs_TMS_Ringsted.db;22.38;Skud blokeret;PL;10-6;1420,5198057466457;-0,08193165124498591;1420,4378740954007;-8;1,0;1,2;1,0;1,0004287745181455;1,065
13102023_Bjerringbro-Silkeborg_vs_TMS_Ringsted.db;23.06;Skud blokeret;PL;10-6;1420,4378740954007;-0,08182707032528924;1420,3560470250754;-8;1,0;1,2;1,0;1,0000714783355749;1,065
13102023_Bjerringbro-Silkeborg_vs_TMS_Ringsted.db;23.39;Skud reddet;HB;10-6;1420,3560470250754;0,7224516359497102;1421,0784986610252;70;1,0;1,2;1,0;1,0013912234100641;1,075
13102023_Bjerringbro-Silkeborg_vs_TMS_Ringsted.db;26.00;Mål;HF;12-8;1421,0784986610252;0,8591936696857374;1421,937692330711;65;1,0;1,2;1,0;1,002165788514968;1,3750000000000002
13102023_Bjerringbro-Silkeborg_vs_TMS_Ringsted.db;48.09;Mål;HF;24-19;1421,937692330711;1,269463447627686;1423,2071557783386;65;1,4;1,2;1,0;1,004093033801635;1,4500000000000004
13102023_Bjerringbro-Silkeborg_vs_TMS_Ringsted.db;51.27;Tabt bold;HF;24-21;1423,2071557783386;-0,4369009608676606;1422,770254817471;-25;1,4;1,2;1,0;1,002804052985792;1,2950000000000002
13102023_Bjerringbro-Silkeborg_vs_TMS_Ringsted.db;52.35;Mål;HF;25-21;1422,770254817471;1,2921731905153138;1424,0624280079862;65;1,4;1,2;1,0;1,0046222769120903;1,4750000000000003
13102023_Bjerringbro-Silkeborg_vs_TMS_Ringsted.db;53.51;Mål;VF;26-22;1424,0624280079862;1,2945160811377718;1425,356944089124;65;1,4;1,2;1,0;1,0055703098922273;1,4750000000000003
13102023_Bjerringbro-Silkeborg_vs_TMS_Ringsted.db;55.35;Mål;PL;27-23;1425,356944089124;1,4275076119229198;1426,784451701047;65;1,4;1,2;1,0;1,0064980130173578;1,6250000000000002
13102023_Bjerringbro-Silkeborg_vs_TMS_Ringsted.db;58.53;Skud på stolpe;PL;29-27;1426,784451701047;-0,18261899948197424;1426,601832701565;-5;1,8;1,5;1,0;1,0042662996754128;1,68
13122023_Bjerringbro-Silkeborg_vs_Lemvig-Thyborøn_Håndbold.db;2.03;Skud blokeret;PL;0-0;1426,601832701565;-0,11276062695355904;1426,4890720746114;-8;0,8;1,7;1,0;1,0037630201219139;1,2900000000000003
13122023_Bjerringbro-Silkeborg_vs_Lemvig-Thyborøn_Håndbold.db;5.28;Mål;HF;4-3;1426,4890720746114;1,0021569992898094;1427,4912290739012;65;0,8;1,5;1,0;1,003921227401122;1,6000000000000003
13122023_Bjerringbro-Silkeborg_vs_Lemvig-Thyborøn_Håndbold.db;7.39;Mål;HF;6-4;1427,4912290739012;0,7830585573728968;1428,274287631274;65;0,8;1,5;1,0;1,0036847143000613;1,2500000000000002
13122023_Bjerringbro-Silkeborg_vs_Lemvig-Thyborøn_Håndbold.db;11.35;Mål;HF;9-6;1428,274287631274;0,6388252469575946;1428,9131128782317;65;0,8;1,2;1,0;1,0031411623789526;1,2750000000000001
13122023_Bjerringbro-Silkeborg_vs_Lemvig-Thyborøn_Håndbold.db;17.40;Fejlaflevering;HF;12-7;1428,9131128782317;-0,30190536422946934;1428,6112075140022;-30;1,0;1,2;1,0;1,0022977544251526;1,045
13122023_Bjerringbro-Silkeborg_vs_Lemvig-Thyborøn_Håndbold.db;23.39;Skud reddet;HB;15-9;1428,6112075140022;0,5177870199361223;1429,1289945339383;70;1,0;0,9;1,0;1,002910013557773;1,025
13122023_Bjerringbro-Silkeborg_vs_Lemvig-Thyborøn_Håndbold.db;27.58;Skud blokeret;PL;17-10;1429,1289945339383;-0,08410965003304227;1429,0448848839053;-8;1,4;0,9;1,0;1,0015823942915416;1,04
13122023_Bjerringbro-Silkeborg_vs_Lemvig-Thyborøn_Håndbold.db;29.48;Mål;ST;20-10;1429,0448848839053;0,9187314986356796;1429,963616382541;65;1,4;0,9;1,0;1,0023077964373206;1,4000000000000004
13122023_Bjerringbro-Silkeborg_vs_Lemvig-Thyborøn_Håndbold.db;32.53;Skud på stolpe;PL;22-12;1429,963616382541;-0,03391809583149552;1429,9296982867095;-5;1,0;0,9;1,0;1,0014267796279994;0,94
13122023_Bjerringbro-Silkeborg_vs_Lemvig-Thyborøn_Håndbold.db;35.28;Mål;VF;25-15;1429,9296982867095;0,5858346660822917;1430,5155329527918;65;1,0;0,9;1,0;1,0024257972771944;1,2500000000000002
13122023_Bjerringbro-Silkeborg_vs_Lemvig-Thyborøn_Håndbold.db;38.55;Udvisning;HF;26-17;1430,5155329527918;-0,31504237956824;1430,2004905732235;-45;1,0;0,9;1,0;1,0011438207171457;0,97
13122023_Bjerringbro-Silkeborg_vs_Lemvig-Thyborøn_Håndbold.db;56.46;Skud reddet;HB;33-27;1430,2004905732235;0,9713097348596875;1431,1718003080832;70;1,4;0,9;1,0;1,0026720486369272;1,3750000000000002
1342024_Bjerringbro-Silkeborg_vs_Aalborg_Håndbold.db;12.11;Skud reddet;HF;2-6;1431,1718003080832;0,5794642303483215;1431,7512645384315;70;0,8;1,2;1,0;1,002560799287535;1,075
1342024_Bjerringbro-Silkeborg_vs_Aalborg_Håndbold.db;15.05;Mål;HF;3-7;1431,7512645384315;0,6725177841619825;1432,4237823225935;65;1,0;1,2;1,0;1,0033354078057835;1,075
1342024_Bjerringbro-Silkeborg_vs_Aalborg_Håndbold.db;19.29;Skud reddet;HF;5-10;1432,4237823225935;0,6910974288966827;1433,1148797514902;70;1,0;1,2;1,0;1,0035617115337907;1,025
1342024_Bjerringbro-Silkeborg_vs_Aalborg_Håndbold.db;35.00;Fejlaflevering;HF;9-19;1433,1148797514902;-0,2644585822233694;1432,8504211692668;-30;1,0;0,9;1,0;1,0028173493154333;1,22
1342024_Bjerringbro-Silkeborg_vs_Aalborg_Håndbold.db;54.23;Mål;HF;19-30;1432,8504211692668;0,5457131451505575;1433,3961343144174;65;1,4;0,65;1,0;1,0025881097924103;1,1500000000000001
1342024_Bjerringbro-Silkeborg_vs_Aalborg_Håndbold.db;54.56;Mål;HF;20-30;1433,3961343144174;0,7554300889664773;1434,1515644033839;65;1,4;0,9;1,0;1,0030396888875406;1,1500000000000001
1342024_Bjerringbro-Silkeborg_vs_Aalborg_Håndbold.db;56.41;Udvisning;HF;20-31;1434,1515644033839;-0,5158954092648855;1433,635668994119;-45;1,4;0,65;1,0;1,0012114382903443;1,57
1392023_Bjerringbro-Silkeborg_vs_TTH_Holstebro.db;3.25;Fejlaflevering;HF;1-1;1433,635668994119;-0,4803892577831448;1433,1552797363358;-30;0,8;1,7;1,0;0,9997033692283687;1,4700000000000004
1392023_Bjerringbro-Silkeborg_vs_TTH_Holstebro.db;5.00;Mål;HF;2-1;1433,1552797363358;0,9981038438374981;1434,1533835801733;65;0,8;1,5;1,0;1,0016276771878274;1,6000000000000003
1392023_Bjerringbro-Silkeborg_vs_TTH_Holstebro.db;8.34;Skud på stolpe;HF;4-3;1434,1533835801733;-0,05841492613353694;1434,0949686540398;-5;0,8;1,5;1,0;1,0008770200967738;1,215
1392023_Bjerringbro-Silkeborg_vs_TTH_Holstebro.db;9.29;Mål;HF;5-3;1434,0949686540398;0,7806840756754809;1434,8756527297153;65;0,8;1,5;1,0;1,0014962422705074;1,2500000000000002
1392023_Bjerringbro-Silkeborg_vs_TTH_Holstebro.db;10.34;Skud reddet;PL;5-4;1434,8756527297153;0,8244317066371423;1435,7000844363524;70;0,8;1,5;1,0;1,0030469508038355;1,225
1392023_Bjerringbro-Silkeborg_vs_TTH_Holstebro.db;13.46;Skud reddet;PL;6-5;1435,7000844363524;0,8257082499017088;1436,5257926862541;70;0,8;1,5;1,0;1,004340654357553;1,225
1392023_Bjerringbro-Silkeborg_vs_TTH_Holstebro.db;16.02;Mål;HF;8-5;1436,5257926862541;0,7990534246068819;1437,324846110861;65;1,0;1,2;1,0;1,0042898272720358;1,2750000000000001
1392023_Bjerringbro-Silkeborg_vs_TTH_Holstebro.db;24.11;Regelfejl;HF;11-9;1437,324846110861;-0,3367182932877313;1436,9881278175733;-22;1,0;1,5;1,0;1,0031225762483102;1,2700000000000002
1392023_Bjerringbro-Silkeborg_vs_TTH_Holstebro.db;42.21;Fejlaflevering;HF;19-13;1436,9881278175733;-0,23725855173415766;1436,7508692658391;-30;1,0;0,9;1,0;1,0016705853082306;1,095
1392023_Bjerringbro-Silkeborg_vs_TTH_Holstebro.db;46.58;Regelfejl;HF;23-17;1436,7508692658391;-0,2598926487276003;1436,4909766171115;-22;1,4;0,9;1,0;1,000365536083747;1,1700000000000002
1392023_Bjerringbro-Silkeborg_vs_TTH_Holstebro.db;48.17;Mål;ST;24-18;1436,4909766171115;0,9503872739010149;1437,4413638910125;65;1,4;0,9;1,0;1,0012949234618531;1,4500000000000004
1392023_Bjerringbro-Silkeborg_vs_TTH_Holstebro.db;50.40;Mål;ST;26-18;1437,4413638910125;0,9512702290855941;1438,3926341200981;65;1,4;0,9;1,0;1,0021063220957978;1,4500000000000004
1392023_Bjerringbro-Silkeborg_vs_TTH_Holstebro.db;52.33;Mål;HF;29-19;1438,3926341200981;0,952041090243938;1439,344675210342;65;1,4;0,9;1,0;1,0036465922747597;1,4500000000000004
1392023_Bjerringbro-Silkeborg_vs_TTH_Holstebro.db;55.32;Mål;PL;31-20;1439,344675210342;0,7598809079431703;1440,1045561182852;65;1,4;0,65;1,0;1,0045576106629373;1,6000000000000003
1592023_Lemvig-Thyborøn_Håndbold_vs_Bjerringbro-Silkeborg.db;0.42;Mål;ST;0-1;1440,1045561182852;0,7678838375907162;1440,872439955876;65;0,8;1,5;1,0;1,0053623881172091;1,225
1592023_Lemvig-Thyborøn_Håndbold_vs_Bjerringbro-Silkeborg.db;2.22;Mål;HF;1-3;1440,872439955876;0,7214480497129898;1441,593888005589;65;0,8;1,5;1,0;1,0050631963396564;1,1500000000000001
1592023_Lemvig-Thyborøn_Håndbold_vs_Bjerringbro-Silkeborg.db;3.39;Mål;HB;1-4;1441,593888005589;0,5393571136837636;1442,1332451192727;65;0,8;1,2;1,0;1,0045013529090983;1,075
1592023_Lemvig-Thyborøn_Håndbold_vs_Bjerringbro-Silkeborg.db;11.27;Mål;HF;8-8;1442,1332451192727;1,0655750351659208;1443,1988201544386;65;0,8;1,7;1,0;1,004910022468999;1,5000000000000002
1592023_Lemvig-Thyborøn_Håndbold_vs_Bjerringbro-Silkeborg.db;12.22;Mål;HF;9-9;1443,1988201544386;1,0660085518350115;1444,2648287062736;65;0,8;1,7;1,0;1,0054018114708576;1,5000000000000002
1592023_Lemvig-Thyborøn_Håndbold_vs_Bjerringbro-Silkeborg.db;14.53;Udvisning;HF;10-11;1444,2648287062736;-0,6493287059204249;1443,6155000003532;-45;0,8;1,5;1,0;1,002923062255934;1,4950000000000003
1592023_Lemvig-Thyborøn_Håndbold_vs_Bjerringbro-Silkeborg.db;30.46;Mål;HF;17-20;1443,6155000003532;0,6727607901611918;1444,2882607905144;65;1,0;1,2;1,0;1,0030789098768347;1,075
1592023_Lemvig-Thyborøn_Håndbold_vs_Bjerringbro-Silkeborg.db;37.40;Mål;HF;22-24;1444,2882607905144;0,8997617821594304;1445,1880225726738;65;1,0;1,5;1,0;1,0037300954932253;1,1500000000000001
1592023_Lemvig-Thyborøn_Håndbold_vs_Bjerringbro-Silkeborg.db;40.06;Mål;HF;22-26;1445,1880225726738;0,7046185270362457;1445,89264109971;65;1,0;1,2;1,0;1,0035612529687525;1,125
1592023_Lemvig-Thyborøn_Håndbold_vs_Bjerringbro-Silkeborg.db;42.06;Udvisning;HF;23-28;1445,89264109971;-0,5831092304249523;1445,3095318692851;-45;1,0;1,2;1,0;1,001247259320115;1,345
1592023_Lemvig-Thyborøn_Håndbold_vs_Bjerringbro-Silkeborg.db;49.42;Mål;HF;28-31;1445,3095318692851;1,04962752689039;1446,3591593961755;65;1,4;1,2;1,0;1,0033146041219736;1,2000000000000002
1592023_Lemvig-Thyborøn_Håndbold_vs_Bjerringbro-Silkeborg.db;52.32;Mål;VB;29-33;1446,3591593961755;1,1175319386552474;1447,4766913348308;65;1,4;1,2;1,0;1,0041976808226833;1,2750000000000001
1592023_Lemvig-Thyborøn_Håndbold_vs_Bjerringbro-Silkeborg.db;54.35;Mål;HF;30-35;1447,4766913348308;1,074652190109191;1448,55134352494;65;1,4;1,2;1,0;1,0047062908063933;1,2250000000000003
1592023_Lemvig-Thyborøn_Håndbold_vs_Bjerringbro-Silkeborg.db;55.06;Mål;HF;30-36;1448,55134352494;0,9051398973874711;1449,4564834223274;65;1,4;0,9;1,0;1,0049988572719648;1,3750000000000002
1592023_Lemvig-Thyborøn_Håndbold_vs_Bjerringbro-Silkeborg.db;59.48;Mål;ST;31-39;1449,4564834223274;1,2275860041804663;1450,684069426508;65;1,8;0,9;1,0;1,0067538521714536;1,4500000000000002
16122023_Skjern_Håndbold_vs_Bjerringbro-Silkeborg.db;0.32;Skud reddet;PL;0-0;1450,684069426508;0,996766853957979;1451,6808362804659;70;0,8;1,7;1,0;1,0066357162871364;1,3000000000000003
16122023_Skjern_Håndbold_vs_Bjerringbro-Silkeborg.db;7.16;Mål;HF;3-2;1451,6808362804659;1,005025099140994;1452,6858613796069;65;0,8;1,5;1,0;1,0064984419998653;1,6000000000000003
16122023_Skjern_Håndbold_vs_Bjerringbro-Silkeborg.db;10.52;Fejlaflevering;HF;4-3;1452,6858613796069;-0,40437081405775643;1452,2814905655491;-30;0,8;1,5;1,0;1,0040386269708241;1,3950000000000002
16122023_Skjern_Håndbold_vs_Bjerringbro-Silkeborg.db;11.38;Mål;HF;5-4;1452,2814905655491;1,0024321651676473;1453,2839227307168;65;0,8;1,5;1,0;1,0044453641389421;1,6000000000000003
16122023_Skjern_Håndbold_vs_Bjerringbro-Silkeborg.db;14.15;Fejlaflevering;HF;7-4;1453,2839227307168;-0,25340951202792894;1453,0305132186888;-30;0,8;1,2;1,0;1,0024335620482905;1,095
16122023_Skjern_Håndbold_vs_Bjerringbro-Silkeborg.db;17.33;Skud reddet;HF;10-6;1453,0305132186888;0,7241580052236714;1453,7546712239125;70;1,0;1,2;1,0;1,0025435804589444;1,075
16122023_Skjern_Håndbold_vs_Bjerringbro-Silkeborg.db;24.45;Fejlaflevering;HF;13-8;1453,7546712239125;-0,30172551597502206;1453,4529457079375;-30;1,0;1,2;1,0;1,000902042662645;1,045
16122023_Skjern_Håndbold_vs_Bjerringbro-Silkeborg.db;25.56;Mål;HF;13-9;1453,4529457079375;0,8587739526044516;1454,311719660542;65;1,0;1,2;1,0;1,0025163632836986;1,3750000000000002
16122023_Skjern_Håndbold_vs_Bjerringbro-Silkeborg.db;33.12;Fejlaflevering;HF;19-13;1454,311719660542;-0,22628799352037277;1454,0854316670216;-30;1,0;0,9;1,0;1,00100797862886;1,045
16122023_Skjern_Håndbold_vs_Bjerringbro-Silkeborg.db;34.49;Tilkendt straffe;HF;19-14;1454,0854316670216;0,2462479627427001;1454,3316796297643;25;1,0;1,2;1,0;1,0014612621085328;1,025
16122023_Skjern_Håndbold_vs_Bjerringbro-Silkeborg.db;43.54;Skud forbi;PL;23-16;1454,3316796297643;-0,11032097263387186;1454,2213586571304;-15;1,0;0,9;1,0;1,000514658657589;1,02
16122023_Skjern_Håndbold_vs_Bjerringbro-Silkeborg.db;44.49;Mål;HF;24-17;1454,2213586571304;0,6087131183273868;1454,8300717754578;65;1,0;0,9;1,0;1,001688916061091;1,3000000000000003
16122023_Skjern_Håndbold_vs_Bjerringbro-Silkeborg.db;47.15;Mål;HF;26-19;1454,8300717754578;0,9024215444794663;1455,7324933199372;65;1,4;0,9;1,0;1,002314236680196;1,3750000000000002
16122023_Skjern_Håndbold_vs_Bjerringbro-Silkeborg.db;52.32;Mål;PL;28-22;1455,7324933199372;1,001492339006063;1456,7339856589433;65;1,4;0,9;1,0;1,003824082651935;1,5250000000000004
16122023_Skjern_Håndbold_vs_Bjerringbro-Silkeborg.db;55.42;Skud blokeret;HB;29-23;1456,7339856589433;-0,11049453054420155;1456,623491128399;-8;1,4;0,9;1,0;1,0028801246249361;1,3650000000000002
16122023_Skjern_Håndbold_vs_Bjerringbro-Silkeborg.db;55.52;Mål;HB;29-24;1456,623491128399;1,4674944287612561;1458,0909855571604;65;1,4;1,2;1,0;1,0050037058415382;1,6750000000000003
16122023_Skjern_Håndbold_vs_Bjerringbro-Silkeborg.db;59.00;Mål;HF;29-25;1458,0909855571604;2,003655788262222;1460,0946413454226;65;1,8;1,2;1,0;1,0071746566260733;1,7750000000000001
18112023_Bjerringbro-Silkeborg_vs_Fredericia_Håndboldklub.db;1.57;Skud forbi;HF;0-0;1460,0946413454226;-0,21696959322912335;1459,8776717521935;-15;0,8;1,7;1,0;1,0050580156059794;1,32
18112023_Bjerringbro-Silkeborg_vs_Fredericia_Håndboldklub.db;5.28;Skud blokeret;PL;1-1;1459,8776717521935;-0,11284952208507093;1459,7648222301084;-8;0,8;1,7;1,0;1,003360258941924;1,2900000000000003
18112023_Bjerringbro-Silkeborg_vs_Fredericia_Håndboldklub.db;12.13;Advarsel;HF;3-3;1459,7648222301084;-0,21614788042234068;1459,548674349686;-15;0,8;1,7;1,0;1,0025745783389044;1,32
18112023_Bjerringbro-Silkeborg_vs_Fredericia_Håndboldklub.db;13.17;Skud reddet;PL;3-4;1459,548674349686;0,8253193928885594;1460,3739937425746;70;0,8;1,5;1,0;1,002481937082082;1,225
18112023_Bjerringbro-Silkeborg_vs_Fredericia_Håndboldklub.db;14.59;Mål;HF;5-4;1460,3739937425746;1,0008779659826814;1461,3748717085573;65;0,8;1,5;1,0;1,0022981346046755;1,6000000000000003
18112023_Bjerringbro-Silkeborg_vs_Fredericia_Håndboldklub.db;15.45;Mål;HF;6-4;1461,3748717085573;0,9772406812396639;1462,352112389797;65;1,0;1,5;1,0;1,003762557683486;1,2500000000000002
18112023_Bjerringbro-Silkeborg_vs_Fredericia_Håndboldklub.db;18.00;Mål;HF;9-6;1462,352112389797;0,7985934908929266;1463,1507058806899;65;1,0;1,2;1,0;1,0046283941144427;1,2750000000000001
18112023_Bjerringbro-Silkeborg_vs_Fredericia_Håndboldklub.db;36.47;Regelfejl;HF;16-16;1463,1507058806899;-0,4268304380370864;1462,7238754426528;-22;1,0;1,7;1,0;1,0033764419211448;1,4200000000000002
18112023_Bjerringbro-Silkeborg_vs_Fredericia_Håndboldklub.db;39.10;Skud reddet;HB;16-18;1462,7238754426528;0,9692616428958445;1463,6931370855486;70;1,0;1,5;1,0;1,0038862923734178;1,1500000000000001
18112023_Bjerringbro-Silkeborg_vs_Fredericia_Håndboldklub.db;39.16;Udvisning;HF;16-18;1463,6931370855486;-0,7697800089920293;1462,9233570765566;-45;1,0;1,5;1,0;1,0012576563235824;1,4200000000000002
18112023_Bjerringbro-Silkeborg_vs_Fredericia_Håndboldklub.db;43.48;Fejlaflevering;HF;17-20;1462,9233570765566;-0,3734290555023563;1462,5499280210543;-30;1,0;1,2;1,0;0,9997089442104526;1,2950000000000002
18112023_Bjerringbro-Silkeborg_vs_Fredericia_Håndboldklub.db;50.02;Skud på stolpe;PL;19-24;1462,5499280210543;-0,08162423587691592;1462,4683037851773;-5;1,4;1,2;1,0;0,9990178901254796;1,2150000000000003
18112023_Bjerringbro-Silkeborg_vs_Fredericia_Håndboldklub.db;50.45;Mål;PL;20-25;1462,4683037851773;1,0691089852966797;1463,537412770474;65;1,4;1,2;1,0;1,001286096756815;1,2250000000000003
18112023_Bjerringbro-Silkeborg_vs_Fredericia_Håndboldklub.db;53.53;Skud reddet;HF;21-28;1463,537412770474;0,812483590352258;1464,3498963608263;70;1,4;0,9;1,0;1,0017376535866571;1,1500000000000001
18112023_Bjerringbro-Silkeborg_vs_Fredericia_Håndboldklub.db;59.58;Skud blokeret;HF;24-31;1464,3498963608263;-0,14955863029035754;1464,200337730536;-8;1,8;0,9;1,0;1,0018005697496621;1,4400000000000002
1932024_Bjerringbro-Silkeborg_vs_Aalborg_Håndbold.db;25.35;Skud reddet;HF;11-13;1464,200337730536;1,0518905982371507;1465,252228328773;70;1,0;1,5;1,0;1,0035824257110288;1,2500000000000002
1932024_Bjerringbro-Silkeborg_vs_Aalborg_Håndbold.db;47.49;Mål;HB;19-23;1465,252228328773;1,0520755285213;1466,3043038572944;65;1,4;1,2;1,0;1,0048791155831065;1,2000000000000002
1932024_Bjerringbro-Silkeborg_vs_Aalborg_Håndbold.db;49.02;Skud forbi;HB;19-24;1466,3043038572944;-0,28766875417613846;1466,0166351031182;-15;1,4;1,2;1,0;1,002863017556431;1,4200000000000002
1932024_Bjerringbro-Silkeborg_vs_Aalborg_Håndbold.db;50.19;Skud reddet;HB;19-24;1466,0166351031182;1,1557795704734417;1467,1724146735917;70;1,4;1,2;1,0;1,0037738105410685;1,2250000000000003
1992023_Bjerringbro-Silkeborg_vs_Skjern_Håndbold.db;2.01;Tilkendt straffe;HF;0-1;1467,1724146735917;0,2951095002990769;1467,4675241738908;25;0,8;1,5;1,0;1,0038169082105062;1,225
1992023_Bjerringbro-Silkeborg_vs_Skjern_Håndbold.db;3.26;Skud reddet;PL;1-1;1467,4675241738908;0,9938590444810416;1468,4613832183718;70;0,8;1,7;1,0;1,0041327212821174;1,3000000000000003
1992023_Bjerringbro-Silkeborg_vs_Skjern_Håndbold.db;9.36;Mål;HF;6-5;1468,4613832183718;1,002526108928123;1469,4639093273;65;0,8;1,5;1,0;1,0044156303484781;1,6000000000000003
1992023_Bjerringbro-Silkeborg_vs_Skjern_Håndbold.db;11.20;Skud reddet;HF;7-7;1469,4639093273;0,9944518272955065;1470,4583611545954;70;0,8;1,7;1,0;1,0056443001390378;1,3000000000000003
1992023_Bjerringbro-Silkeborg_vs_Skjern_Håndbold.db;12.18;Tabt bold;HF;7-7;1470,4583611545954;-0,4020968169675143;1470,056264337628;-25;0,8;1,7;1,0;1,003255775023495;1,4700000000000004
1992023_Bjerringbro-Silkeborg_vs_Skjern_Håndbold.db;13.09;Mål;HF;8-8;1470,056264337628;1,0642537261448979;1471,1205180637728;65;0,8;1,7;1,0;1,0043402802860675;1,5000000000000002
1992023_Bjerringbro-Silkeborg_vs_Skjern_Håndbold.db;14.33;Mål;HF;9-9;1471,1205180637728;1,065404169327394;1472,1859222331002;65;0,8;1,7;1,0;1,0047415530820467;1,5000000000000002
1992023_Bjerringbro-Silkeborg_vs_Skjern_Håndbold.db;17.01;Mål;ST;10-10;1472,1859222331002;1,332287299386735;1473,518209532487;65;1,0;1,7;1,0;1,0055259209882128;1,5000000000000002
1992023_Bjerringbro-Silkeborg_vs_Skjern_Håndbold.db;31.00;Mål;ST;17-18;1473,518209532487;0,9803877729634678;1474,4985973054504;65;1,0;1,5;1,0;1,0056056298698273;1,25
1992023_Bjerringbro-Silkeborg_vs_Skjern_Håndbold.db;33.40;Mål;HF;19-19;1474,4985973054504;1,3334330652073731;1475,8320303706578;65;1,0;1,7;1,0;1,0073126350155381;1,5000000000000002
1992023_Bjerringbro-Silkeborg_vs_Skjern_Håndbold.db;34.51;Skud blokeret;PL;19-20;1475,8320303706578;-0,11749294574815394;1475,7145374249096;-8;1,0;1,5;1,0;1,0052219297526297;1,215
1992023_Bjerringbro-Silkeborg_vs_Skjern_Håndbold.db;37.44;Mål;HF;22-21;1475,7145374249096;1,2545169683312452;1476,9690543932409;65;1,0;1,5;1,0;1,0057561605312682;1,6000000000000003
1992023_Bjerringbro-Silkeborg_vs_Skjern_Håndbold.db;50.43;Skud forbi;HF;26-27;1476,9690543932409;-0,3928483563036025;1476,5762060369373;-15;1,4;1,5;1,0;1,0032344573546441;1,55
1992023_Bjerringbro-Silkeborg_vs_Skjern_Håndbold.db;55.15;Mål;HF;29-31;1476,5762060369373;1,6871193222441434;1478,2633253591814;65;1,4;1,5;1,0;1,0048594271938145;1,54
21102023_GOG_vs_Bjerringbro-Silkeborg.db;1.27;Mål;PL;0-1;1478,2633253591814;0,7681145461469896;1479,0314399053284;65;0,8;1,5;1,0;1,0044278991302218;1,225
21102023_GOG_vs_Bjerringbro-Silkeborg.db;3.01;Skud reddet;HB;1-1;1479,0314399053284;0,9944639743707739;1480,0259038796992;70;0,8;1,7;1,0;1,0055274987744842;1,3000000000000003
21102023_GOG_vs_Bjerringbro-Silkeborg.db;4.01;Mål;HF;3-2;1480,0259038796992;1,0039186547764984;1481,0298225344757;65;0,8;1,5;1,0;1,005452160836062;1,6000000000000003
21102023_GOG_vs_Bjerringbro-Silkeborg.db;4.51;Mål;HF;4-3;1481,0298225344757;1,0038434373786913;1482,0336659718544;65;0,8;1,5;1,0;1,0066198272135127;1,6000000000000003
21102023_GOG_vs_Bjerringbro-Silkeborg.db;6.27;Mål;PL;5-4;1482,0336659718544;1,005009235489979;1483,0386752073443;65;0,8;1,5;1,0;1,006058996104363;1,6000000000000003
21102023_GOG_vs_Bjerringbro-Silkeborg.db;6.53;Regelfejl;HF;6-4;1483,0386752073443;-0,2698491681710493;1482,7688260391733;-22;0,8;1,5;1,0;1,0041210175576696;1,2700000000000002
21102023_GOG_vs_Bjerringbro-Silkeborg.db;12.16;Mål;HF;8-5;1482,7688260391733;0,6391029452552175;1483,4079289844285;65;0,8;1,2;1,0;1,0038362999290782;1,2750000000000001
21102023_GOG_vs_Bjerringbro-Silkeborg.db;12.33;Skud blokeret;PL;9-5;1483,4079289844285;-0,06568462291511423;1483,3422443615134;-8;0,8;1,2;1,0;1,0023994713373476;1,065
21102023_GOG_vs_Bjerringbro-Silkeborg.db;13.15;Skud reddet;PL;9-5;1483,3422443615134;0,5793067024753782;1483,9215510639888;70;0,8;1,2;1,0;1,0022651999858012;1,075
21102023_GOG_vs_Bjerringbro-Silkeborg.db;19.46;Mål;ST;12-8;1483,9215510639888;0,7974021931086099;1484,7189532570974;65;1,0;1,2;1,0;1,002517744744218;1,2750000000000001
21102023_GOG_vs_Bjerringbro-Silkeborg.db;27.32;Mål;HF;15-14;1484,7189532570974;1,8884426757747406;1486,6073959328721;65;1,4;1,5;1,0;1,0055243777526148;1,725
21102023_GOG_vs_Bjerringbro-Silkeborg.db;28.07;Tilkendt straffe;HF;15-14;1486,6073959328721;0,591248334118518;1487,1986442669906;25;1,4;1,5;1,0;1,0052142327408784;1,4000000000000001
21102023_GOG_vs_Bjerringbro-Silkeborg.db;35.21;Skud reddet;PL;20-15;1487,1986442669906;0,6923915635118192;1487,8910358305025;70;1,0;1,2;1,0;1,005648072354797;1,025
21102023_GOG_vs_Bjerringbro-Silkeborg.db;36.06;Mål;HF;20-16;1487,8910358305025;0,800093606365408;1488,6911294368679;65;1,0;1,2;1,0;1,0057160444024629;1,2750000000000001
21102023_GOG_vs_Bjerringbro-Silkeborg.db;36.34;Tabt bold;HF;20-16;1488,6911294368679;-0,26430217646907295;1488,4268272603988;-25;1,0;1,2;1,0;1,0038169566539723;1,095
21102023_GOG_vs_Bjerringbro-Silkeborg.db;36.38;Mål;HF;20-17;1488,4268272603988;0,7986367707139834;1489,2254640311128;65;1,0;1,2;1,0;1,00317822418643;1,2750000000000001
21102023_GOG_vs_Bjerringbro-Silkeborg.db;41.03;Mål;PL;24-18;1489,2254640311128;0,645545187263906;1489,8710092183767;65;1,0;0,9;1,0;1,0033472900707667;1,3750000000000002
21102023_GOG_vs_Bjerringbro-Silkeborg.db;42.13;Mål;ST;25-19;1489,8710092183767;0,645653981160649;1490,5166631995373;65;1,0;0,9;1,0;1,0034155487724743;1,3750000000000002
21102023_GOG_vs_Bjerringbro-Silkeborg.db;55.12;Mål;ST;31-26;1490,5166631995373;1,4682779042077527;1491,984941103745;65;1,4;1,2;1,0;1,0047793670589416;1,6750000000000003
2122023_Nordsjælland_Håndbold_vs_Bjerringbro-Silkeborg.db;3.47;Skud blokeret;PL;0-1;1491,984941103745;-0,09375797229904492;1491,891183131446;-8;0,8;1,5;1,0;1,0041020896718753;1,215
2122023_Nordsjælland_Håndbold_vs_Bjerringbro-Silkeborg.db;10.39;Skud på stolpe;HF;3-3;1491,891183131446;-0,07046386824481488;1491,8207192632012;-5;0,8;1,7;1,0;1,0027708395022432;1,2900000000000003
2122023_Nordsjælland_Håndbold_vs_Bjerringbro-Silkeborg.db;13.30;Mål;HF;5-6;1491,8207192632012;0,7665180297155985;1492,5872372929168;65;0,8;1,5;1,0;1,0031642826247322;1,225
2122023_Nordsjælland_Håndbold_vs_Bjerringbro-Silkeborg.db;17.06;Skud blokeret;HB;6-8;1492,5872372929168;-0,10978629909050142;1492,4774509938263;-8;1,0;1,5;1,0;1,0020218291609542;1,1400000000000001
2122023_Nordsjælland_Håndbold_vs_Bjerringbro-Silkeborg.db;21.23;Mål;HF;8-12;1492,4774509938263;0,6721562430011545;1493,1496072368275;65;1,0;1,2;1,0;1,0017533950271924;1,075
2122023_Nordsjælland_Håndbold_vs_Bjerringbro-Silkeborg.db;23.56;Mål;PL;8-14;1493,1496072368275;0,4805411035945326;1493,630148340422;65;1,0;0,9;1,0;1,0023703297113133;1,025
2122023_Nordsjælland_Håndbold_vs_Bjerringbro-Silkeborg.db;40.42;Skud reddet;HF;18-21;1493,630148340422;0,7577919692616888;1494,3879403096837;70;1,0;1,2;1,0;1,0033445450464469;1,125
2122023_Nordsjælland_Håndbold_vs_Bjerringbro-Silkeborg.db;46.14;Udvisning;HF;20-23;1494,3879403096837;-0,831347209756359;1493,5565930999273;-45;1,4;1,2;1,0;1,0008686589727454;1,3700000000000003
2122023_Nordsjælland_Håndbold_vs_Bjerringbro-Silkeborg.db;51.29;Mål;HB;23-26;1493,5565930999273;1,1148075471101038;1494,6714006470374;65;1,4;1,2;1,0;1,0026991918879724;1,2750000000000001
2122023_Nordsjælland_Håndbold_vs_Bjerringbro-Silkeborg.db;56.04;Skud på stolpe;HF;24-29;1494,6714006470374;-0,09197559147355605;1494,579425055564;-5;1,4;1,2;1,0;1,0016367003950284;1,3650000000000002
2122023_Nordsjælland_Håndbold_vs_Bjerringbro-Silkeborg.db;58.02;Mål;ST;26-31;1494,579425055564;1,7156834713725857;1496,2951085269365;65;1,8;1,2;1,0;1,0039232360159325;1,5250000000000001
2122023_Nordsjælland_Håndbold_vs_Bjerringbro-Silkeborg.db;59.15;Mål;PL;26-32;1496,2951085269365;1,2897000243801813;1497,5848085513167;65;1,8;0,9;1,0;1,0049415828205883;1,5250000000000001
2142024_Ribe-Esbjerg_HH_vs_Bjerringbro-Silkeborg.db;12.04;Skud reddet;HF;7-6;1497,5848085513167;0,8272679109779801;1498,4120764622946;70;0,8;1,5;1,0;1,006216151573429;1,225
2142024_Ribe-Esbjerg_HH_vs_Bjerringbro-Silkeborg.db;13.15;Skud reddet;HF;8-6;1498,4120764622946;0,7776038419358429;1499,1896803042305;70;0,8;1,5;1,0;1,0057605857149825;1,1500000000000001
2142024_Ribe-Esbjerg_HH_vs_Bjerringbro-Silkeborg.db;16.29;Mål;HF;10-8;1499,1896803042305;0,9806165710720052;1500,1702968753025;65;1,0;1,5;1,0;1,0066178651236726;1,2500000000000002
2142024_Ribe-Esbjerg_HH_vs_Bjerringbro-Silkeborg.db;18.45;Mål;ST;12-9;1500,1702968753025;0,8008651734924115;1500,971162048795;65;1,0;1,2;1,0;1,0056919338736552;1,2750000000000001
2142024_Ribe-Esbjerg_HH_vs_Bjerringbro-Silkeborg.db;27.35;Skud reddet;HF;18-15;1500,971162048795;1,1117320913813273;1502,0828941401762;70;1,4;1,2;1,0;1,0057473157058168;1,1750000000000003
2142024_Ribe-Esbjerg_HH_vs_Bjerringbro-Silkeborg.db;28.57;Skud reddet;HF;18-15;1502,0828941401762;1,1591036664046896;1503,241997806581;70;1,4;1,2;1,0;1,0062200108347776;1,2250000000000003
222024_Bjerringbro-Silkeborg_vs_Mors-Thy_Håndbold.db;0.48;Mål;HF;1-1;1503,241997806581;1,067398187493609;1504,3093959940745;65;0,8;1,7;1,0;1,006504391012831;1,5000000000000002
222024_Bjerringbro-Silkeborg_vs_Mors-Thy_Håndbold.db;4.33;Tabt bold;HF;2-2;1504,3093959940745;-0,4024407157025962;1503,906955278372;-25;0,8;1,7;1,0;1,004117252219458;1,4700000000000004
222024_Bjerringbro-Silkeborg_vs_Mors-Thy_Håndbold.db;5.59;Tabt bold;HF;3-2;1503,906955278372;-0,33617845604317154;1503,5707768223288;-25;0,8;1,5;1,0;1,002334263761784;1,3950000000000002
222024_Bjerringbro-Silkeborg_vs_Mors-Thy_Håndbold.db;7.06;Mål;HF;4-3;1503,5707768223288;1,0007305289398118;1504,5715073512686;65;0,8;1,5;1,0;1,002839306776529;1,6000000000000003
222024_Bjerringbro-Silkeborg_vs_Mors-Thy_Håndbold.db;9.00;Skud reddet;HB;4-4;1504,5715073512686;0,9928911408533168;1505,5643984921219;70;0,8;1,7;1,0;1,0032199594805706;1,3000000000000003
222024_Bjerringbro-Silkeborg_vs_Mors-Thy_Håndbold.db;9.44;Mål;HF;5-4;1505,5643984921219;1,0016148075453657;1506,5660132996672;65;0,8;1,5;1,0;1,0036267894005049;1,6000000000000003
222024_Bjerringbro-Silkeborg_vs_Mors-Thy_Håndbold.db;13.41;Mål;HF;8-5;1506,5660132996672;0,6387883789175248;1507,2048016785848;65;0,8;1,2;1,0;1,0044602223453616;1,2750000000000001
222024_Bjerringbro-Silkeborg_vs_Mors-Thy_Håndbold.db;16.41;Udvisning;HF;8-6;1507,2048016785848;-0,7702200984945193;1506,4345815800903;-45;1,0;1,5;1,0;1,002744549597284;1,4200000000000002
222024_Bjerringbro-Silkeborg_vs_Mors-Thy_Håndbold.db;33.50;Mål;HF;20-15;1506,4345815800903;0,8290691936069834;1507,2636507736972;65;1,0;1,2;1,0;1,0029817584122742;1,3250000000000004
222024_Bjerringbro-Silkeborg_vs_Mors-Thy_Håndbold.db;40.48;Skud reddet;PL;22-20;1507,2636507736972;1,0110056124794937;1508,2746563861767;70;1,0;1,5;1,0;1,0034958576508473;1,2000000000000002
222024_Bjerringbro-Silkeborg_vs_Mors-Thy_Håndbold.db;42.17;Tilkendt straffe;HF;22-20;1508,2746563861767;0,36125850875441756;1508,6359148949311;25;1,0;1,5;1,0;1,0028313273933231;1,2000000000000002
232024_Bjerringbro-Silkeborg_vs_GOG.db;14.10;Mål;HF;8-9;1508,6359148949311;0,7665642666595431;1509,4024791615907;65;0,8;1,5;1,0;1,003220827709939;1,225
232024_Bjerringbro-Silkeborg_vs_GOG.db;48.13;Mål;VB;28-23;1509,4024791615907;1,27079988687683;1510,6732790484675;65;1,4;1,2;1,0;1,0054552672037387;1,4500000000000004
232024_Bjerringbro-Silkeborg_vs_GOG.db;48.41;Tilkendt straffe;HF;28-23;1510,6732790484675;0,388507915247601;1511,0617869637151;25;1,4;1,2;1,0;1,0046717701307295;1,1500000000000001
2332024_SAH_vs_Bjerringbro-Silkeborg.db;27.40;Tilkendt straffe;HF;8-12;1511,0617869637151;0,3966444148475148;1511,4584313785626;25;1,4;1,2;1,0;1,0038834653296518;1,1750000000000003
2332024_SAH_vs_Bjerringbro-Silkeborg.db;44.10;Mål;HF;15-17;1511,4584313785626;0,9396349235485104;1512,3980663021111;65;1,0;1,5;1,0;1,0046143387868611;1,2000000000000002
2332024_SAH_vs_Bjerringbro-Silkeborg.db;52.40;Skud reddet;HB;18-18;1512,3980663021111;2,1824884848981583;1514,5805547870093;70;1,4;1,7;1,0;1,0070270394005576;1,63
2332024_SAH_vs_Bjerringbro-Silkeborg.db;52.51;Udvisning (2x);HF;18-18;1514,5805547870093;-2,588462302075186;1511,9920924849341;-75;1,4;1,7;1,0;1,000660506409127;1,8
2422024_TMS_Ringsted_vs_Bjerringbro-Silkeborg.db;32.31;Fejlaflevering;HF;12-12;1511,9920924849341;-0,6001561453240356;1511,39193633961;-30;1,0;1,7;1,0;0,9992595027297022;1,4700000000000004
2422024_TMS_Ringsted_vs_Bjerringbro-Silkeborg.db;34.11;Mål;PL;13-13;1511,39193633961;1,3250181006196726;1512,7169544402298;65;1,0;1,7;1,0;1,0013069805191668;1,5000000000000002
2422024_TMS_Ringsted_vs_Bjerringbro-Silkeborg.db;35.14;Mål;HB;14-14;1512,7169544402298;1,3277330561684266;1514,0446874963982;65;1,0;1,7;1,0;1,0026458866143448;1,5000000000000002
2422024_TMS_Ringsted_vs_Bjerringbro-Silkeborg.db;36.03;Mål;HF;15-15;1514,0446874963982;1,3295084456506174;1515,3741959420488;65;1,0;1,7;1,0;1,002857595252918;1,5000000000000002
2422024_TMS_Ringsted_vs_Bjerringbro-Silkeborg.db;40.55;Mål;HB;18-16;1515,3741959420488;1,016897601586379;1516,3910935436352;65;1,0;1,5;1,0;1,0060782337076501;1,3
2422024_TMS_Ringsted_vs_Bjerringbro-Silkeborg.db;42.41;Regelfejl;HF;19-16;1516,3910935436352;-0,24329386278805032;1516,1477996808471;-22;1,0;1,2;1,0;1,0052052572353158;1,145
2422024_TMS_Ringsted_vs_Bjerringbro-Silkeborg.db;45.35;Mål;HF;21-18;1516,1477996808471;1,229406237809144;1517,3772059186563;65;1,4;1,2;1,0;1,005505542475108;1,4000000000000001
2422024_TMS_Ringsted_vs_Bjerringbro-Silkeborg.db;48.52;Mål;VF;23-20;1517,3772059186563;1,229773498668692;1518,606979417325;65;1,4;1,2;1,0;1,005759373728808;1,4000000000000001
2422024_TMS_Ringsted_vs_Bjerringbro-Silkeborg.db;52.40;Skud reddet;PL;24-21;1518,606979417325;1,2064284839752872;1519,8134079013003;70;1,4;1,2;1,0;1,0059344603632643;1,2750000000000001
2422024_TMS_Ringsted_vs_Bjerringbro-Silkeborg.db;55.42;Skud forbi;HB;26-22;1519,8134079013003;-0,2930407795172414;1519,520367121783;-15;1,4;1,2;1,0;1,0037900488446414;1,445
26112023_Bjerringbro-Silkeborg_vs_SAH.db;18.09;Skud reddet;PL;5-5;1519,520367121783;1,2422905644500588;1520,762657686233;70;1,0;1,7;1,0;1,0054970463687374;1,3000000000000003
26112023_Bjerringbro-Silkeborg_vs_SAH.db;18.36;Fejlaflevering;HF;5-5;1520,762657686233;-0,6030569085301067;1520,159600777703;-30;1,0;1,7;1,0;1,0027368848230092;1,4700000000000004
26112023_Bjerringbro-Silkeborg_vs_SAH.db;18.44;Tilkendt straffe;HF;5-5;1520,159600777703;0,4432097030917248;1520,6028104807947;25;1,0;1,7;1,0;1,0021537019280164;1,3000000000000003
26112023_Bjerringbro-Silkeborg_vs_SAH.db;19.45;Skud blokeret;HB;5-6;1520,6028104807947;-0,11689120779283257;1520,4859192730019;-8;1,0;1,5;1,0;1,0007315384178161;1,215
26112023_Bjerringbro-Silkeborg_vs_SAH.db;20.13;Skud på stolpe;HB;5-6;1520,4859192730019;-0,07295332915055042;1520,4129659438513;-5;1,0;1,5;1,0;1,000717986032106;1,215
26112023_Bjerringbro-Silkeborg_vs_SAH.db;20.40;Udvisning;HF;5-7;1520,4129659438513;-0,7673505516893329;1519,645615392162;-45;1,0;1,5;1,0;0,9983881720251491;1,4200000000000002
26112023_Bjerringbro-Silkeborg_vs_SAH.db;33.27;Mål;HF;12-14;1519,645615392162;0,8955541903064841;1520,5411695824685;65;1,0;1,5;1,0;1,0005901265176134;1,1500000000000001
26112023_Bjerringbro-Silkeborg_vs_SAH.db;34.41;Skud reddet;HF;12-14;1520,5411695824685;0,9665700622160784;1521,5077396446845;70;1,0;1,5;1,0;1,0017991138005402;1,1500000000000001
26112023_Bjerringbro-Silkeborg_vs_SAH.db;41.47;Fejlaflevering;HF;18-17;1521,5077396446845;-0,5211358989990913;1520,9866037456854;-30;1,0;1,5;1,0;1,0007384046760004;1,445
26112023_Bjerringbro-Silkeborg_vs_SAH.db;47.59;Tilkendt straffe;HF;21-19;1520,9866037456854;0,5358954157040898;1521,5224991613895;25;1,4;1,5;1,0;1,001585317367265;1,2750000000000001
26112023_Bjerringbro-Silkeborg_vs_SAH.db;52.12;Fejlaflevering;HF;21-21;1521,5224991613895;-0,9725794065764148;1520,5499197548131;-30;1,4;1,7;1,0;1,000282265077172;1,7
26112023_Bjerringbro-Silkeborg_vs_SAH.db;53.36;Mål;HF;22-22;1520,5499197548131;2,141652343078931;1522,691572097892;65;1,4;1,7;1,0;1,003179504087428;1,7300000000000002
26112023_Bjerringbro-Silkeborg_vs_SAH.db;57.40;Mål;HB;25-23;1522,691572097892;2,309880998931476;1525,0014530968235;65;1,8;1,5;1,0;1,0058725632352394;1,6400000000000001
26112023_Bjerringbro-Silkeborg_vs_SAH.db;58.21;Mål;HF;26-23;1525,0014530968235;2,005388011870764;1527,0068411086943;65;1,8;1,2;1,0;1,0087609581485038;1,7750000000000001
26112023_Bjerringbro-Silkeborg_vs_SAH.db;59.10;Mål;ST;27-23;1527,0068411086943;2,0111465470415624;1529,0179876557359;65;1,8;1,2;1,0;1,0104353949573697;1,7750000000000001
2842024_Bjerringbro-Silkeborg_vs_Mors-Thy_Håndbold.db;47.15;Mål;PL;32-18;1529,0179876557359;0,6574397897290964;1529,675427445465;65;1,4;0,65;1,0;1,0107052951984883;1,3750000000000002
2842024_Bjerringbro-Silkeborg_vs_Mors-Thy_Håndbold.db;47.56;Mål;PL;33-19;1529,675427445465;0,6576154003209922;1530,333042845786;65;1,4;0,65;1,0;1,0086063150535942;1,3750000000000002
2842024_Bjerringbro-Silkeborg_vs_Mors-Thy_Håndbold.db;52.09;Udvisning;HF;34-20;1530,333042845786;-0,3865907317094752;1529,9464521140765;-45;1,4;0,65;1,0;1,004936631027478;1,1700000000000002
2842024_Bjerringbro-Silkeborg_vs_Mors-Thy_Håndbold.db;55.29;Fejlaflevering;HF;36-23;1529,9464521140765;-0,28971117148557823;1529,656740942591;-30;1,4;0,65;1,0;1,0022083536739161;1,32
2892023_Mors-Thy_Håndbold_vs_Bjerringbro-Silkeborg.db;1.34;Skud reddet;PL;1-0;1529,656740942591;0,8250179167444003;1530,4817588593353;70;0,8;1,5;1,0;1,0017636179019562;1,225
2892023_Mors-Thy_Håndbold_vs_Bjerringbro-Silkeborg.db;2.39;Mål;HF;1-1;1530,4817588593353;1,0626708458703433;1531,5444297052056;65;0,8;1,7;1,0;1,0027983438459562;1,5000000000000002
2892023_Mors-Thy_Håndbold_vs_Bjerringbro-Silkeborg.db;9.26;Mål;HF;5-6;1531,5444297052056;0,7665390540357748;1532,3109687592414;65;0,8;1,5;1,0;1,003178671151487;1,225
2892023_Mors-Thy_Håndbold_vs_Bjerringbro-Silkeborg.db;11.21;Skud reddet;HF;6-7;1532,3109687592414;0,8258166820919541;1533,1367854413334;70;0,8;1,5;1,0;1,0043826608032176;1,225
2892023_Mors-Thy_Håndbold_vs_Bjerringbro-Silkeborg.db;12.08;Mål;HF;7-8;1533,1367854413334;0,7677501059179122;1533,9045355472513;65;0,8;1,5;1,0;1,0052357523991495;1,225
2892023_Mors-Thy_Håndbold_vs_Bjerringbro-Silkeborg.db;13.05;Skud på stolpe;PL;8-8;1533,9045355472513;-0,07054342416040527;1533,8339921230909;-5;0,8;1,7;1,0;1,0037145920386366;1,2900000000000003
2892023_Mors-Thy_Håndbold_vs_Bjerringbro-Silkeborg.db;39.16;Skud på stolpe;VB;24-21;1533,8339921230909;-0,051309889945059695;1533,7826822331458;-5;1,0;1,2;1,0;1,0022763123490808;1,065
2892023_Mors-Thy_Håndbold_vs_Bjerringbro-Silkeborg.db;40.32;Mål;HF;24-22;1533,7826822331458;1,016308180722035;1534,7989904138678;65;1,0;1,5;1,0;1,0030744212462415;1,3
2892023_Mors-Thy_Håndbold_vs_Bjerringbro-Silkeborg.db;43.57;Skud reddet;HF;24-23;1534,7989904138678;1,0742927051546758;1535,8732831190225;70;1,0;1,5;1,0;1,0038062073720728;1,2750000000000001
2892023_Mors-Thy_Håndbold_vs_Bjerringbro-Silkeborg.db;45.54;Mål;HF;25-25;1535,8732831190225;2,01875466364595;1537,8920377826685;65;1,4;1,7;1,0;1,006063307266543;1,6250000000000002
2892023_Mors-Thy_Håndbold_vs_Bjerringbro-Silkeborg.db;58.04;Mål;ST;30-31;1537,8920377826685;2,493085239204902;1540,3851230218734;65;1,8;1,5;1,0;1,0094080520964204;1,7650000000000001
2892023_Mors-Thy_Håndbold_vs_Bjerringbro-Silkeborg.db;59.27;Tabt bold;HF;31-31;1540,3851230218734;-1,2416930330448395;1539,1434299888285;-25;1,8;1,7;1,0;1,0059426387002275;2,0100000000000002
2892023_Mors-Thy_Håndbold_vs_Bjerringbro-Silkeborg.db;60.00;Skud reddet;HF;31-31;1539,1434299888285;3,430328778296598;1542,5737587671251;70;1,8;1,7;1,0;1,0100722790243803;1,99
29102023_Bjerringbro-Silkeborg_vs_KIF_Kolding.db;16.14;Mål;HF;9-8;1542,5737587671251;1,2605702042224038;1543,8343289713475;65;1,0;1,5;1,0;1,009882512203064;1,6000000000000003
29102023_Bjerringbro-Silkeborg_vs_KIF_Kolding.db;17.27;Skud reddet;PL;9-9;1543,8343289713475;1,249830597102573;1545,08415956845;70;1,0;1,7;1,0;1,008996882535403;1,3000000000000003
29102023_Bjerringbro-Silkeborg_vs_KIF_Kolding.db;19.45;Mål;HF;10-10;1545,08415956845;1,3379298662418933;1546,422089434692;65;1,0;1,7;1,0;1,008037882883797;1,5000000000000002
29102023_Bjerringbro-Silkeborg_vs_KIF_Kolding.db;20.44;Mål;ST;11-11;1546,422089434692;1,3366582327039396;1547,758747667396;65;1,0;1,7;1,0;1,010013299994287;1,5000000000000002
29102023_Bjerringbro-Silkeborg_vs_KIF_Kolding.db;21.25;Fejlaflevering;HF;11-11;1547,758747667396;-0,6057655768045151;1547,1529820905914;-30;1,0;1,7;1,0;1,004925378449878;1,4700000000000004
29102023_Bjerringbro-Silkeborg_vs_KIF_Kolding.db;23.32;Skud reddet;PL;12-12;1547,1529820905914;1,2436956483695667;1548,396677738961;70;1,0;1,7;1,0;1,0053399182708056;1,3000000000000003
29102023_Bjerringbro-Silkeborg_vs_KIF_Kolding.db;42.48;Mål;HB;21-22;1548,396677738961;0,9998105487202338;1549,3964882876812;65;1,0;1,5;1,0;1,0052892984608413;1,2750000000000001
292023_Fredericia_Håndboldklub_vs_Bjerringbro-Silkeborg.db;9.30;Mål;HF;3-1;1549,3964882876812;0,7841256527995029;1550,1806139404807;65;0,8;1,5;1,0;1,0048169100323217;1,2500000000000002
292023_Fredericia_Håndboldklub_vs_Bjerringbro-Silkeborg.db;11.26;Udvisning;HF;3-2;1550,1806139404807;-0,6489509531752446;1549,5316629873055;-45;0,8;1,5;1,0;1,0020012271139165;1,4950000000000003
292023_Fredericia_Håndboldklub_vs_Bjerringbro-Silkeborg.db;26.24;Skud reddet;HB;9-6;1549,5316629873055;0,7911801689292588;1550,3228431562347;70;1,0;1,2;1,0;1,0034873516301623;1,1750000000000003
292023_Fredericia_Håndboldklub_vs_Bjerringbro-Silkeborg.db;31.59;Skud blokeret;PL;12-9;1550,3228431562347;-0,08207723746454576;1550,2407659187702;-8;1,0;1,2;1,0;1,001895944366654;1,065
292023_Fredericia_Håndboldklub_vs_Bjerringbro-Silkeborg.db;32.36;Tilkendt straffe;HF;12-9;1550,2407659187702;0,25848915364667846;1550,4992550724169;25;1,0;1,2;1,0;1,0012995573860317;1,075
292023_Fredericia_Håndboldklub_vs_Bjerringbro-Silkeborg.db;34.03;Skud på stolpe;HF;13-10;1550,4992550724169;-0,05118643337368667;1550,4480686390432;-5;1,0;1,2;1,0;1,0004320253107204;1,065
292023_Fredericia_Håndboldklub_vs_Bjerringbro-Silkeborg.db;34.43;Mål;HF;13-11;1550,4480686390432;0,9754212246780298;1551,4234898637212;65;1,0;1,5;1,0;1,002496315991613;1,2500000000000002
292023_Fredericia_Håndboldklub_vs_Bjerringbro-Silkeborg.db;38.48;Mål;HF;15-12;1551,4234898637212;0,7975860690028185;1552,221075932724;65;1,0;1,2;1,0;1,002874395594754;1,2750000000000001
292023_Fredericia_Håndboldklub_vs_Bjerringbro-Silkeborg.db;40.37;Mål;HF;17-14;1552,221075932724;0,8291765502776798;1553,0502524830017;65;1,0;1,2;1,0;1,0039019864625347;1,3250000000000002
292023_Fredericia_Håndboldklub_vs_Bjerringbro-Silkeborg.db;41.24;Tabt bold;HF;17-14;1553,0502524830017;-0,27587226587979785;1552,774380217122;-25;1,0;1,2;1,0;1,0026584852871594;1,145
292023_Fredericia_Håndboldklub_vs_Bjerringbro-Silkeborg.db;47.52;Tilkendt straffe;HF;22-15;1552,774380217122;0,271620183664254;1553,0460004007862;25;1,4;0,9;1,0;1,0027557376045628;1,075
3102023_Bjerringbro-Silkeborg_vs_Ribe-Esbjerg_HH.db;0.44;Skud på stolpe;HF;0-0;1553,0460004007862;-0,07036938664214176;1552,975631014144;-5;0,8;1,7;1,0;1,0014944075041938;1,2900000000000003
3102023_Bjerringbro-Silkeborg_vs_Ribe-Esbjerg_HH.db;3.41;Mål;HF;3-1;1552,975631014144;0,7811656378532916;1553,7567966519973;65;0,8;1,5;1,0;1,0019903106574357;1,2500000000000002
3102023_Bjerringbro-Silkeborg_vs_Ribe-Esbjerg_HH.db;5.42;Mål;PL;4-1;1553,7567966519973;0,6377467929271461;1554,3945434449245;65;0,8;1,2;1,0;1,0021465085696297;1,2750000000000001
3102023_Bjerringbro-Silkeborg_vs_Ribe-Esbjerg_HH.db;7.57;Skud reddet;HF;5-3;1554,3945434449245;0,7744588218226909;1555,1690022667472;70;0,8;1,5;1,0;1,0033359807662987;1,1500000000000001
3102023_Bjerringbro-Silkeborg_vs_Ribe-Esbjerg_HH.db;12.20;Skud reddet;PL;7-6;1555,1690022667472;0,8259461793668379;1555,994948446114;70;0,8;1,5;1,0;1,0040244098201945;1,225
3102023_Bjerringbro-Silkeborg_vs_Ribe-Esbjerg_HH.db;14.19;Mål;HF;8-7;1555,994948446114;1,0024179707645544;1556,9973664168785;65;0,8;1,5;1,0;1,0051627003838077;1,6000000000000003
3102023_Bjerringbro-Silkeborg_vs_Ribe-Esbjerg_HH.db;17.26;Mål;HF;10-8;1556,9973664168785;0,9800336328742105;1557,9774000497528;65;1,0;1,5;1,0;1,005455781965371;1,2500000000000002
3102023_Bjerringbro-Silkeborg_vs_Ribe-Esbjerg_HH.db;18.40;Skud på stolpe;HF;10-9;1557,9774000497528;-0,07329772650518862;1557,9041023232476;-5;1,0;1,5;1,0;1,0040370089168307;1,215
552024_Aalborg_Håndbold_vs_Bjerringbro-Silkeborg.db;29.55;Mål;HF;13-18;1557,9041023232476;1,0306239089129576;1558,9347262321605;65;1,4;1,2;1,0;1,0045892169537345;1,1750000000000003
552024_Aalborg_Håndbold_vs_Bjerringbro-Silkeborg.db;34.48;Mål;ST;17-20;1558,9347262321605;0,6738784467324876;1559,608604678893;65;1,0;1,2;1,0;1,0044188856106764;1,075
552024_Aalborg_Håndbold_vs_Bjerringbro-Silkeborg.db;41.21;Udvisning;HF;20-22;1559,608604678893;-0,797307711397707;1558,8112969674953;-45;1,0;1,5;1,0;1,0016628177474423;1,47
622024_Ribe-Esbjerg_HH_vs_Bjerringbro-Silkeborg.db;3.32;Mål;HF;2-4;1558,8112969674953;0,7187932380156781;1559,530090205511;65;0,8;1,5;1,0;1,001891919184818;1,1500000000000001
622024_Ribe-Esbjerg_HH_vs_Bjerringbro-Silkeborg.db;4.10;Mål;HF;2-5;1559,530090205511;0,5376552795112275;1560,0677454850222;65;0,8;1,2;1,0;1,0025690280499229;1,075
622024_Ribe-Esbjerg_HH_vs_Bjerringbro-Silkeborg.db;6.55;Skud reddet;PL;3-6;1560,0677454850222;0,5794046926905594;1560,6471501777128;70;0,8;1,2;1,0;1,002389463021927;1,075
622024_Ribe-Esbjerg_HH_vs_Bjerringbro-Silkeborg.db;12.45;Mål;VF;9-10;1560,6471501777128;0,7662265055339503;1561,4133766832467;65;0,8;1,5;1,0;1,0028184349052993;1,225
622024_Ribe-Esbjerg_HH_vs_Bjerringbro-Silkeborg.db;20.53;Tilkendt straffe;HF;14-14;1561,4133766832467;0,443245748228037;1561,8566224314748;25;1,0;1,7;1,0;1,003738846170728;1,3000000000000003
622024_Ribe-Esbjerg_HH_vs_Bjerringbro-Silkeborg.db;31.30;Mål;HF;17-19;1561,8566224314748;0,9003537450150816;1562,7569761764898;65;1,0;1,5;1,0;1,004157864179012;1,1500000000000001
622024_Ribe-Esbjerg_HH_vs_Bjerringbro-Silkeborg.db;37.12;Mål;HF;19-23;1562,7569761764898;0,6735890952913905;1563,4305652717812;65;1,0;1,2;1,0;1,0042673199095082;1,075
622024_Ribe-Esbjerg_HH_vs_Bjerringbro-Silkeborg.db;45.16;Skud reddet;HB;22-26;1563,4305652717812;1,1337776334851242;1564,5643429052664;70;1,4;1,2;1,0;1,0051046751837203;1,2000000000000002
642024_Mors-Thy_Håndbold_vs_Bjerringbro-Silkeborg.db;3.19;Skud reddet;PL;2-1;1564,5643429052664;0,8274021686113429;1565,3917450738777;70;0,8;1,5;1,0;1,0051604080227374;1,225
642024_Mors-Thy_Håndbold_vs_Bjerringbro-Silkeborg.db;8.25;Skud reddet;HB;4-4;1565,3917450738777;0,9951892167750884;1566,3869342906528;70;0,8;1,7;1,0;1,0057320567823071;1,3000000000000003
642024_Mors-Thy_Håndbold_vs_Bjerringbro-Silkeborg.db;8.52;Mål;HF;4-5;1566,3869342906528;0,7687815842043619;1567,1557158748572;65;0,8;1,5;1,0;1,0054945968814688;1,225
642024_Mors-Thy_Håndbold_vs_Bjerringbro-Silkeborg.db;11.53;Skud blokeret;PL;7-6;1567,1557158748572;-0,09382471182425434;1567,061891163033;-8;0,8;1,5;1,0;1,004008606968301;1,215
642024_Mors-Thy_Håndbold_vs_Bjerringbro-Silkeborg.db;31.34;Mål;HF;16-17;1567,061891163033;0,9789083917939934;1568,040799554827;65;1,0;1,5;1,0;1,0042092378461087;1,25
642024_Mors-Thy_Håndbold_vs_Bjerringbro-Silkeborg.db;34.22;Skud reddet;HF;17-19;1568,040799554827;0,9700661237593522;1569,0108656785862;70;1,0;1,5;1,0;1,004593967255406;1,1500000000000001
642024_Mors-Thy_Håndbold_vs_Bjerringbro-Silkeborg.db;40.03;Mål;PL;22-23;1569,0108656785862;0,9990687004356005;1570,0099343790218;65;1,0;1,5;1,0;1,0048443999881909;1,2750000000000001
642024_Mors-Thy_Håndbold_vs_Bjerringbro-Silkeborg.db;45.28;Skud på stolpe;HB;24-24;1570,0099343790218;-0,13536057943360902;1569,8745737995882;-5;1,4;1,7;1,0;1,0033147600285257;1,4150000000000003
642024_Mors-Thy_Håndbold_vs_Bjerringbro-Silkeborg.db;46.57;Skud reddet;PL;26-25;1569,8745737995882;1,640058439332961;1571,5146322389212;70;1,4;1,5;1,0;1,0056516255825967;1,3900000000000003
642024_Mors-Thy_Håndbold_vs_Bjerringbro-Silkeborg.db;58.59;Skud reddet;PL;31-30;1571,5146322389212;2,9118441688419807;1574,4264764077632;70;1,8;1,5;1,0;1,0089791035924722;1,915
692023_Bjerringbro-Silkeborg_vs_Nordsjælland_Håndbold.db;18.31;Mål;HF;10-7;1574,4264764077632;0,802743774818282;1575,2292201825815;65;1,0;1,2;1,0;1,0082596937392905;1,2750000000000001
692023_Bjerringbro-Silkeborg_vs_Nordsjælland_Håndbold.db;20.45;Udvisning;HF;11-9;1575,2292201825815;-0,7731335331593527;1574,456086649422;-45;1,0;1,5;1,0;1,0049707488241313;1,4200000000000002
692023_Bjerringbro-Silkeborg_vs_Nordsjælland_Håndbold.db;28.53;Skud reddet;PL;14-14;1574,456086649422;2,0292288962596103;1576,4853155456817;70;1,4;1,7;1,0;1,0077461274059458;1,5150000000000003
692023_Bjerringbro-Silkeborg_vs_Nordsjælland_Håndbold.db;29.10;Mål;HF;15-14;1576,4853155456817;1,9533143187509268;1578,4386298644326;65;1,4;1,5;1,0;1,0086496800179579;1,7750000000000001
692023_Bjerringbro-Silkeborg_vs_Nordsjælland_Håndbold.db;36.20;Mål;HF;19-20;1578,4386298644326;0,9637647692570681;1579,4023946336897;65;1,0;1,5;1,0;1,0067990657845387;1,225
692023_Bjerringbro-Silkeborg_vs_Nordsjælland_Håndbold.db;41.33;Skud blokeret;HB;21-21;1579,4023946336897;-0,1467832493988226;1579,255611384291;-8;1,0;1,7;1,0;1,004931580315664;1,3400000000000003
692023_Bjerringbro-Silkeborg_vs_Nordsjælland_Håndbold.db;41.50;Mål;HF;22-21;1579,255611384291;1,2933469438662542;1580,5489583281571;65;1,0;1,5;1,0;1,0069495830675343;1,6500000000000001
692023_Bjerringbro-Silkeborg_vs_Nordsjælland_Håndbold.db;44.34;Tabt bold;HF;23-22;1580,5489583281571;-0,43651264425966474;1580,1124456838975;-25;1,0;1,5;1,0;1,0036541373617598;1,445
692023_Bjerringbro-Silkeborg_vs_Nordsjælland_Håndbold.db;50.00;Mål;HF;28-24;1580,1124456838975;1,2932685752389261;1581,4057142591364;65;1,4;1,2;1,0;1,0038249016476875;1,4750000000000003
692023_Bjerringbro-Silkeborg_vs_Nordsjælland_Håndbold.db;52.17;Mål;PL;30-24;1581,4057142591364;1,0030017652284187;1582,4087160243648;65;1,4;0,9;1,0;1,0042208203279581;1,5250000000000004
7102023_SønderjyskE_Herrer_vs_Bjerringbro-Silkeborg.db;27.39;Mål;HF;10-13;1582,4087160243648;1,030812587650189;1583,439528612015;65;1,4;1,2;1,0;1,0054346406342045;1,1750000000000003
7102023_SønderjyskE_Herrer_vs_Bjerringbro-Silkeborg.db;29.28;Fejlaflevering;HF;11-13;1583,439528612015;-0,7449064165530217;1582,694622195462;-30;1,4;1,5;1,0;1,0023969747827923;1,4700000000000004
7102023_SønderjyskE_Herrer_vs_Bjerringbro-Silkeborg.db;29.56;Tilkendt straffe;HF;12-13;1582,694622195462;0,5894094211723768;1583,2840316166344;25;1,4;1,5;1,0;1,003357141195882;1,4000000000000001
7102023_SønderjyskE_Herrer_vs_Bjerringbro-Silkeborg.db;41.48;Mål;PL;13-22;1583,2840316166344;0,4695711420797579;1583,7536027587141;65;1,0;0,9;1,0;1,0026778667242757;1,0
7102023_SønderjyskE_Herrer_vs_Bjerringbro-Silkeborg.db;43.09;Mål;HF;13-23;1583,7536027587141;0,46925324162702964;1584,2228560003412;65;1,0;0,9;1,0;1,0023169969706784;1,0
7102023_SønderjyskE_Herrer_vs_Bjerringbro-Silkeborg.db;45.18;Mål;HF;14-25;1584,2228560003412;0,5098686331889439;1584,73272463353;65;1,4;0,65;1,0;1,0020579093270532;1,075
7102023_SønderjyskE_Herrer_vs_Bjerringbro-Silkeborg.db;53.32;Skud forbi;HB;17-27;1584,73272463353;-0,2151458413641194;1584,517578792166;-15;1,4;0,9;1,0;1,0019436563408881;1,4200000000000002
7102023_SønderjyskE_Herrer_vs_Bjerringbro-Silkeborg.db;55.06;Mål;HF;17-28;1584,517578792166;0,6163556596345643;1585,1339344518005;65;1,4;0,65;1,0;1,0022500905825322;1,3000000000000003
7102023_SønderjyskE_Herrer_vs_Bjerringbro-Silkeborg.db;59.05;Udvisning;HF;18-30;1585,1339344518005;-0,726094109623773;1584,4078403421768;-45;1,8;0,65;1,0;1,0003377956658528;1,72
9122023_TTH_Holstebro_vs_Bjerringbro-Silkeborg.db;7.08;Skud på stolpe;HB;4-2;1584,4078403421768;-0,05473848417886984;1584,353101857998;-5;0,8;1,5;1,0;0,9998439900504109;1,1400000000000001
9122023_TTH_Holstebro_vs_Bjerringbro-Silkeborg.db;10.52;Skud blokeret;PL;7-5;1584,353101857998;-0,08753834101685243;1584,265563516981;-8;0,8;1,5;1,0;0,9993386085817502;1,1400000000000001
9122023_TTH_Holstebro_vs_Bjerringbro-Silkeborg.db;11.27;Regelfejl;HF;7-5;1584,265563516981;-0,26804659894833094;1583,9975169180327;-22;0,8;1,5;1,0;0,9991469666501753;1,2700000000000002
9122023_TTH_Holstebro_vs_Bjerringbro-Silkeborg.db;12.58;Udvisning;HF;8-6;1583,9975169180327;-0,6129167152218997;1583,3846002028108;-45;0,8;1,5;1,0;0,9977811141397842;1,4200000000000002
9122023_TTH_Holstebro_vs_Bjerringbro-Silkeborg.db;18.48;Mål;HF;10-12;1583,3846002028108;0,8950096593832768;1584,279609862194;65;1,0;1,5;1,0;1,0001652116754174;1,1500000000000001
9122023_TTH_Holstebro_vs_Bjerringbro-Silkeborg.db;24.52;Tilkendt straffe;HF;14-17;1584,279609862194;0,25804262461224425;1584,5376524868063;25;1,0;1,2;1,0;1,0006162294202812;1,075
9122023_TTH_Holstebro_vs_Bjerringbro-Silkeborg.db;30.44;Mål;HF;16-21;1584,5376524868063;0,639994140337194;1585,1776466271435;65;1,0;1,2;1,0;1,0016678076522239;1,025
9122023_TTH_Holstebro_vs_Bjerringbro-Silkeborg.db;31.40;Fejlaflevering;HF;16-21;1585,1776466271435;-0,37358202554196396;1584,8040646016016;-30;1,0;1,2;1,0;1,0009884884096736;1,2950000000000002
9122023_TTH_Holstebro_vs_Bjerringbro-Silkeborg.db;37.39;Skud forbi;HB;20-23;1584,8040646016016;-0,17945721620208133;1584,6246073853995;-15;1,0;1,2;1,0;1,0009960967596356;1,245
9122023_TTH_Holstebro_vs_Bjerringbro-Silkeborg.db;40.00;Mål;HB;20-24;1584,6246073853995;0,702699259925339;1585,3273066453248;65;1,0;1,2;1,0;1,001361661187244;1,125
9122023_TTH_Holstebro_vs_Bjerringbro-Silkeborg.db;45.07;Skud reddet;PL;22-26;1585,3273066453248;1,130497261013943;1586,4578039063388;70;1,4;1,2;1,0;1,0028696380117124;1,2000000000000002
9122023_TTH_Holstebro_vs_Bjerringbro-Silkeborg.db;48.55;Mål;HB;23-29;1586,4578039063388;0,7556422148491038;1587,2134461211879;65;1,4;0,9;1,0;1,0032340836442122;1,1500000000000001
9122023_TTH_Holstebro_vs_Bjerringbro-Silkeborg.db;50.37;Mål;PL;23-30;1587,2134461211879;0,755916817344314;1587,9693629385322;65;1,4;0,9;1,0;1,004302234762463;1,1500000000000001
9122023_TTH_Holstebro_vs_Bjerringbro-Silkeborg.db;54.19;Udvisning;HF;26-31;1587,9693629385322;-0,9080659774185733;1587,0612969611136;-45;1,4;1,2;1,0;1,0022607647591075;1,4950000000000003
932024_KIF_Kolding_vs_Bjerringbro-Silkeborg.db;28.46;Mål;PL;12-13;1587,0612969611136;1,5322562571636809;1588,5935532182773;65;1,4;1,5;1,0;1,0039784480594096;1,4000000000000001
